Rank,Sequence,Length,Scoring_Scheme,Score,Raw_Grade,Final_Grade,Viability,FTO_Status,FTO_Reason,PCPC_Status,PCPC_Detail,BLAST_Status,Internal_DB_Hits,Origin_Domain,Origin_Subdomain,Origin_Position,Match_Length,Match_Type,Generation_Phase,Generation_Method,Is_Natural,Cross_Species,Collagen,DSP,MMP,AI,WH,AOX,CPP,Stab,Skin
1,RPYGSHREKRGHKG,14,DEJ_V8,0.6412,A,C,DEMOTED,CAUTION,부분 매칭만(8aa) — 전체 서열 novel,NOVEL_WITH_KNOWN_MOTIF,Novel 서열 — 알려진 motif(GHK) 포함하나 전체 서열은 미등재. 신규 INCI 등재 가능.,patent_partial_only,none,C-terminal PRD,inter-domain,1945-1952,8,partial,v7-phase4,DEJ/Recovery Expert Feedback Integration,False,2,,0.458,0.774,0.976,,0.943,,1.0,
2,KGHKRRRPYGSHRE,14,DEJ_V8,0.6402,A,C,DEMOTED,CAUTION,부분 매칭만(10aa) — 전체 서열 novel,NOVEL_WITH_KNOWN_MOTIF,"Novel 서열 — 알려진 motif(GHK, KGH) 포함하나 전체 서열은 미등재. 신규 INCI 등재 가능.",patent_partial_only,cosmetic_substr(KGH=KGH),C-terminal PRD,inter-domain,1945-1952,8,partial,v7-phase3,DEJ/Recovery Cross-breed & Non-conserved,False,2,,0.47,0.774,0.974,,0.836,,1.0,
3,KGHKHREAKRKKLI,14,DEJ_V8,0.6383,A,C,DEMOTED,CAUTION,부분 매칭만(11aa) — 전체 서열 novel,NOVEL_WITH_KNOWN_MOTIF,"Novel 서열 — 알려진 motif(GHK, KGH) 포함하나 전체 서열은 미등재. 신규 INCI 등재 가능.",patent_partial_only,cosmetic_substr(KGH=KGH),C-terminal PRD,PRD-A,2033-2040,8,partial,v7-phase3,DEJ/Recovery Cross-breed & Non-conserved,False,4,,0.49,0.814,0.981,,0.804,,1.0,
4,EAKRKKLIKGHKHR,14,DEJ_V8,0.6379,A,C,DEMOTED,CAUTION,부분 매칭만(13aa) — 전체 서열 novel,NOVEL_WITH_KNOWN_MOTIF,"Novel 서열 — 알려진 motif(GHK, KGH) 포함하나 전체 서열은 미등재. 신규 INCI 등재 가능.",patent_partial_only,cosmetic_substr(KGH=KGH),C-terminal PRD,PRD-A,2033-2040,8,partial,v7-phase4,DEJ/Recovery Expert Feedback Integration,False,4,,0.49,0.774,0.978,,0.861,,1.0,
5,EGTRKREYKRGHKG,14,DEJ_V8,0.6361,A,C,DEMOTED,CAUTION,부분 매칭만(8aa) — 전체 서열 novel,NOVEL_WITH_KNOWN_MOTIF,Novel 서열 — 알려진 motif(GHK) 포함하나 전체 서열은 미등재. 신규 INCI 등재 가능.,patent_partial_only,none,Central rod,Coiled-coil segment 1,1181-1188,8,partial,v7-phase4,DEJ/Recovery Expert Feedback Integration,False,4,,0.493,0.674,0.989,,0.919,,1.0,
6,GHKRGYRPYGSHRE,14,DEJ_V8,0.6352,A,C,DEMOTED,CAUTION,부분 매칭만(8aa) — 전체 서열 novel,NOVEL_WITH_KNOWN_MOTIF,"Novel 서열 — 알려진 motif(GHK, YR) 포함하나 전체 서열은 미등재. 신규 INCI 등재 가능.",patent_partial_only,none,C-terminal PRD,inter-domain,1945-1952,8,partial,v7-phase4,DEJ/Recovery Expert Feedback Integration,False,2,,0.399,0.774,0.984,,0.927,,1.0,
7,RPYGSHREKGHKRR,14,DEJ_V8,0.6349,A,C,DEMOTED,CAUTION,부분 매칭만(8aa) — 전체 서열 novel,NOVEL_WITH_KNOWN_MOTIF,"Novel 서열 — 알려진 motif(GHK, KGH) 포함하나 전체 서열은 미등재. 신규 INCI 등재 가능.",patent_partial_only,cosmetic_substr(KGH=KGH),C-terminal PRD,inter-domain,1945-1952,8,partial,v7-phase3,DEJ/Recovery Cross-breed & Non-conserved,False,2,,0.47,0.774,0.958,,0.846,,1.0,
8,KTQYSRKEKGHKHR,14,DEJ_V8,0.6346,A,C,DEMOTED,CAUTION,부분 매칭만(10aa) — 전체 서열 novel,NOVEL_WITH_KNOWN_MOTIF,"Novel 서열 — 알려진 motif(GHK, KGH) 포함하나 전체 서열은 미등재. 신규 INCI 등재 가능.",patent_partial_only,cosmetic_substr(KGH=KGH),C-terminal PRD,inter-domain,1868-1875,8,partial,v7-phase4,DEJ/Recovery Expert Feedback Integration,False,4,,0.47,0.774,0.975,,0.837,,1.0,
9,QRPYGSHRKGHKHR,14,DEJ_V8,0.6344,A,C,DEMOTED,CAUTION,부분 매칭만(8aa) — 전체 서열 novel,NOVEL_WITH_KNOWN_MOTIF,"Novel 서열 — 알려진 motif(GHK, KGH) 포함하나 전체 서열은 미등재. 신규 INCI 등재 가능.",patent_partial_only,cosmetic_substr(KGH=KGH),C-terminal PRD,inter-domain,1944-1951,8,partial,v7-phase4,DEJ/Recovery Expert Feedback Integration,False,4,,0.47,0.774,0.898,,0.951,,1.0,
10,AKRKKLISKGHKHR,14,DEJ_V8,0.6342,A,C,DEMOTED,CAUTION,부분 매칭만(13aa) — 전체 서열 novel,NOVEL_WITH_KNOWN_MOTIF,"Novel 서열 — 알려진 motif(GHK, KGH) 포함하나 전체 서열은 미등재. 신규 INCI 등재 가능.",patent_partial_only,cosmetic_substr(KGH=KGH),C-terminal PRD,PRD-A,2034-2041,8,partial,v7-phase3,DEJ/Recovery Cross-breed & Non-conserved,False,4,,0.49,0.703,0.954,,0.932,,1.0,
11,EGTRKREYKGHKHR,14,DEJ_V8,0.6335,A,C,DEMOTED,CAUTION,부분 매칭만(8aa) — 전체 서열 novel,NOVEL_WITH_KNOWN_MOTIF,"Novel 서열 — 알려진 motif(GHK, KGH) 포함하나 전체 서열은 미등재. 신규 INCI 등재 가능.",patent_partial_only,cosmetic_substr(KGH=KGH),Central rod,Coiled-coil segment 1,1181-1188,8,partial,v7-phase4,DEJ/Recovery Expert Feedback Integration,False,4,,0.493,0.84,0.986,,0.629,,1.0,
12,EGTRKREYKGHKGR,14,DEJ_V8,0.6325,A,C,DEMOTED,CAUTION,부분 매칭만(10aa) — 전체 서열 novel,NOVEL_WITH_KNOWN_MOTIF,"Novel 서열 — 알려진 motif(GHK, KGH) 포함하나 전체 서열은 미등재. 신규 INCI 등재 가능.",patent_partial_only,cosmetic_substr(KGH=KGH),Central rod,Coiled-coil segment 1,1181-1188,8,partial,v7-phase4,DEJ/Recovery Expert Feedback Integration,False,4,,0.493,0.674,0.979,,0.85,,1.0,
13,KGHKRRRLSRENRD,14,DEJ_V8,0.6323,A,C,DEMOTED,CAUTION,부분 매칭만(13aa) — 전체 서열 novel,NOVEL_WITH_KNOWN_MOTIF,"Novel 서열 — 알려진 motif(GHK, KGH) 포함하나 전체 서열은 미등재. 신규 INCI 등재 가능.",patent_partial_only,cosmetic_substr(KGH=KGH),Central rod,Coiled-coil segment 1,1241-1248,8,partial,v7-phase4,DEJ/Recovery Expert Feedback Integration,False,3,,0.47,0.714,0.972,,0.794,,1.0,
14,KRGHKGEGTRKREY,14,DEJ_V8,0.6321,A,C,DEMOTED,CAUTION,부분 매칭만(8aa) — 전체 서열 novel,NOVEL_WITH_KNOWN_MOTIF,Novel 서열 — 알려진 motif(GHK) 포함하나 전체 서열은 미등재. 신규 INCI 등재 가능.,patent_partial_only,none,Central rod,Coiled-coil segment 1,1181-1188,8,partial,v7-phase4,DEJ/Recovery Expert Feedback Integration,False,4,,0.493,0.754,0.966,,0.788,,1.0,
15,KGHKGRRPYGSHRE,14,DEJ_V8,0.632,A,C,DEMOTED,CAUTION,부분 매칭만(8aa) — 전체 서열 novel,NOVEL_WITH_KNOWN_MOTIF,"Novel 서열 — 알려진 motif(GHK, KGH) 포함하나 전체 서열은 미등재. 신규 INCI 등재 가능.",patent_partial_only,cosmetic_substr(KGH=KGH),C-terminal PRD,inter-domain,1945-1952,8,partial,v7-phase4,DEJ/Recovery Expert Feedback Integration,False,2,,0.458,0.774,0.937,,0.879,,1.0,
16,RPYGSHREKGHKHR,14,DEJ_V8,0.6317,A,C,DEMOTED,CAUTION,부분 매칭만(8aa) — 전체 서열 novel,NOVEL_WITH_KNOWN_MOTIF,"Novel 서열 — 알려진 motif(GHK, KGH) 포함하나 전체 서열은 미등재. 신규 INCI 등재 가능.",patent_partial_only,cosmetic_substr(KGH=KGH),C-terminal PRD,inter-domain,1945-1952,8,partial,v7-phase4,DEJ/Recovery Expert Feedback Integration,False,2,,0.458,0.8,0.956,,0.862,,1.0,
17,KGHKHRRPYGSHRE,14,DEJ_V8,0.6316,A,C,DEMOTED,CAUTION,부분 매칭만(8aa) — 전체 서열 novel,NOVEL_WITH_KNOWN_MOTIF,"Novel 서열 — 알려진 motif(GHK, KGH) 포함하나 전체 서열은 미등재. 신규 INCI 등재 가능.",patent_partial_only,cosmetic_substr(KGH=KGH),C-terminal PRD,inter-domain,1945-1952,8,partial,v7-phase4,DEJ/Recovery Expert Feedback Integration,False,2,,0.458,0.8,0.926,,0.88,,1.0,
18,EAKRKKLIKGHKDR,14,DEJ_V8,0.6307,A,C,DEMOTED,CAUTION,부분 매칭만(10aa) — 전체 서열 novel,NOVEL_WITH_KNOWN_MOTIF,"Novel 서열 — 알려진 motif(GHK, KGH) 포함하나 전체 서열은 미등재. 신규 INCI 등재 가능.",patent_partial_only,cosmetic_substr(KGH=KGH),C-terminal PRD,PRD-A,2033-2040,8,partial,v7-phase4,DEJ/Recovery Expert Feedback Integration,False,4,,0.49,0.774,0.983,,0.705,,1.0,
19,TKKKVSYVKGHKHR,14,DEJ_V8,0.6301,A,C,DEMOTED,CAUTION,부분 매칭만(8aa) — 전체 서열 novel,NOVEL_WITH_KNOWN_MOTIF,"Novel 서열 — 알려진 motif(GHK, KGH) 포함하나 전체 서열은 미등재. 신규 INCI 등재 가능.",patent_partial_only,cosmetic_substr(KGH=KGH),C-terminal PRD,PRD-A,2177-2184,8,partial,v7-phase3,DEJ/Recovery Cross-breed & Non-conserved,False,4,,0.49,0.703,0.962,,0.889,,1.0,
20,GHKGHK,6,DEJ_V8,0.6301,A,C,DEMOTED,BLOCKED,전체 서열(6aa) 100% 특허 매칭,REGISTERED,"INCI 등재 서열: GHK dimer (signal, )",patent_full_match,none,N-terminal plakin,inter-domain,477-479,3,partial,v8-phase3,BLOSUM62 Mutation,False,0,,0.338,0.8,0.962,,0.999,,1.0,
21,RPYGSHREKGHKGR,14,DEJ_V8,0.63,A,C,DEMOTED,CAUTION,부분 매칭만(8aa) — 전체 서열 novel,NOVEL_WITH_KNOWN_MOTIF,"Novel 서열 — 알려진 motif(GHK, KGH) 포함하나 전체 서열은 미등재. 신규 INCI 등재 가능.",patent_partial_only,cosmetic_substr(KGH=KGH),C-terminal PRD,inter-domain,1945-1952,8,partial,v7-phase3,DEJ/Recovery Cross-breed & Non-conserved,False,2,,0.458,0.774,0.943,,0.865,,1.0,
22,WKTQYSRKKGHKHR,14,DEJ_V8,0.6299,A,C,DEMOTED,CAUTION,부분 매칭만(8aa) — 전체 서열 novel,NOVEL_WITH_KNOWN_MOTIF,"Novel 서열 — 알려진 motif(GHK, KGH) 포함하나 전체 서열은 미등재. 신규 INCI 등재 가능.",patent_partial_only,cosmetic_substr(KGH=KGH),C-terminal PRD,inter-domain,1867-1874,8,partial,v7-phase4,DEJ/Recovery Expert Feedback Integration,False,4,,0.47,0.703,0.95,,0.949,,1.0,
23,KGHKHRQRPYGSHR,14,DEJ_V8,0.6297,A,C,DEMOTED,CAUTION,부분 매칭만(11aa) — 전체 서열 novel,NOVEL_WITH_KNOWN_MOTIF,"Novel 서열 — 알려진 motif(GHK, KGH, RQR) 포함하나 전체 서열은 미등재. 신규 INCI 등재 가능.",patent_partial_only,cosmetic_substr(KGH=KGH); cosmetic_substr(RQR=ABp-RQR),C-terminal PRD,inter-domain,1943-1951,9,partial,v7-phase3,DEJ/Recovery Cross-breed & Non-conserved,False,4,,0.47,0.774,0.928,,0.832,,1.0,
24,KGHKRRDDAAKTIQ,14,DEJ_V8,0.6296,A,C,DEMOTED,CAUTION,부분 매칭만(16aa) — 전체 서열 novel,NOVEL_WITH_KNOWN_MOTIF,"Novel 서열 — 알려진 motif(GHK, KGH) 포함하나 전체 서열은 미등재. 신규 INCI 등재 가능.",patent_partial_only,cosmetic_substr(KGH=KGH),Central rod,Coiled-coil segment 2,1470-1477,8,partial,v7-phase3,DEJ/Recovery Cross-breed & Non-conserved,False,1,,0.419,0.84,0.978,,0.745,,1.0,
25,GHKEKKDKLLKGKK,14,DEJ_V8,0.6292,A,C,DEMOTED,CAUTION,부분 매칭만(18aa) — 전체 서열 novel,NOVEL_WITH_KNOWN_MOTIF,"Novel 서열 — 알려진 motif(GHK, LLK) 포함하나 전체 서열은 미등재. 신규 INCI 등재 가능.",patent_partial_only,cosmetic_substr(LLK=Rice protein hydrolysates),C-terminal PRD,PRD-A,1992-1999,8,partial,v7-phase4,DEJ/Recovery Expert Feedback Integration,False,4,,0.438,0.774,0.977,,0.852,,1.0,
26,KGHKHREGTRKREY,14,DEJ_V8,0.6291,A,C,DEMOTED,CAUTION,부분 매칭만(10aa) — 전체 서열 novel,NOVEL_WITH_KNOWN_MOTIF,"Novel 서열 — 알려진 motif(GHK, KGH) 포함하나 전체 서열은 미등재. 신규 INCI 등재 가능.",patent_partial_only,cosmetic_substr(KGH=KGH),Central rod,Coiled-coil segment 1,1181-1188,8,partial,v7-phase4,DEJ/Recovery Expert Feedback Integration,False,4,,0.493,0.84,0.98,,0.59,,1.0,
27,KKKVSYVQKGHKHR,14,DEJ_V8,0.629,A,C,DEMOTED,CAUTION,부분 매칭만(8aa) — 전체 서열 novel,NOVEL_WITH_KNOWN_MOTIF,"Novel 서열 — 알려진 motif(GHK, KGH) 포함하나 전체 서열은 미등재. 신규 INCI 등재 가능.",patent_partial_only,cosmetic_substr(KGH=KGH),C-terminal PRD,PRD-A,2178-2185,8,partial,v7-phase3,DEJ/Recovery Cross-breed & Non-conserved,False,4,,0.49,0.703,0.942,,0.913,,1.0,
28,KGHKRRVQEAYKKG,14,DEJ_V8,0.6288,A,C,DEMOTED,CAUTION,부분 매칭만(24aa) — 전체 서열 novel,NOVEL_WITH_KNOWN_MOTIF,"Novel 서열 — 알려진 motif(GHK, KGH) 포함하나 전체 서열은 미등재. 신규 INCI 등재 가능.",patent_partial_only,cosmetic_substr(KGH=KGH),C-terminal PRD,PRD-C,2479-2486,8,partial,v7-phase4,DEJ/Recovery Expert Feedback Integration,False,4,,0.49,0.603,0.992,,0.928,,1.0,
29,EGTRKREYKGHKRR,14,DEJ_V8,0.6287,A,C,DEMOTED,CAUTION,부분 매칭만(8aa) — 전체 서열 novel,NOVEL_WITH_KNOWN_MOTIF,"Novel 서열 — 알려진 motif(GHK, KGH) 포함하나 전체 서열은 미등재. 신규 INCI 등재 가능.",patent_partial_only,cosmetic_substr(KGH=KGH),Central rod,Coiled-coil segment 1,1181-1188,8,partial,v7-phase4,DEJ/Recovery Expert Feedback Integration,False,4,,0.505,0.674,0.989,,0.727,,1.0,
30,KGHKHR,6,DEJ_V8,0.628,A,C,DEMOTED,BLOCKED,전체 서열(6aa) 100% 특허 매칭,NOVEL_WITH_KNOWN_MOTIF,Novel 서열 — 알려진 motif(GHK) 포함하나 전체 서열은 미등재. 신규 INCI 등재 가능.,patent_full_match,none,C-terminal PRD,PRD-B,2361-2363,3,partial,v7-phase2,DEJ/Recovery Mutation & Optimization,False,0,,0.39,0.8,0.865,,0.998,,1.0,
31,KGHKHRVQEAYKKG,14,DEJ_V8,0.6279,A,C,DEMOTED,CAUTION,부분 매칭만(8aa) — 전체 서열 novel,NOVEL_WITH_KNOWN_MOTIF,"Novel 서열 — 알려진 motif(GHK, KGH) 포함하나 전체 서열은 미등재. 신규 INCI 등재 가능.",patent_partial_only,cosmetic_substr(KGH=KGH),C-terminal PRD,PRD-C,2479-2486,8,partial,v7-phase4,DEJ/Recovery Expert Feedback Integration,False,4,,0.478,0.814,0.989,,0.701,,1.0,
32,QRPYGSHRGHKRGY,14,DEJ_V8,0.6272,A,C,DEMOTED,CAUTION,부분 매칭만(14aa) — 전체 서열 novel,NOVEL_WITH_KNOWN_MOTIF,Novel 서열 — 알려진 motif(GHK) 포함하나 전체 서열은 미등재. 신규 INCI 등재 가능.,patent_partial_only,none,C-terminal PRD,inter-domain,1944-1951,8,partial,v7-phase4,DEJ/Recovery Expert Feedback Integration,False,4,,0.458,0.643,0.989,,0.984,,1.0,
33,KGHKHRDKLLKGKK,14,DEJ_V8,0.6269,A,C,DEMOTED,CAUTION,부분 매칭만(8aa) — 전체 서열 novel,NOVEL_WITH_KNOWN_MOTIF,"Novel 서열 — 알려진 motif(GHK, KGH, LLK) 포함하나 전체 서열은 미등재. 신규 INCI 등재 가능.",patent_partial_only,cosmetic_substr(KGH=KGH); cosmetic_substr(LLK=Rice protein hydrolysates),C-terminal PRD,PRD-A,1992-1999,8,partial,v7-phase3,DEJ/Recovery Cross-breed & Non-conserved,False,4,,0.49,0.814,0.947,,0.722,,1.0,
34,GHKRGYEGTRKREY,14,DEJ_V8,0.6261,A,C,DEMOTED,CAUTION,부분 매칭만(8aa) — 전체 서열 novel,NOVEL_WITH_KNOWN_MOTIF,Novel 서열 — 알려진 motif(GHK) 포함하나 전체 서열은 미등재. 신규 INCI 등재 가능.,patent_partial_only,none,Central rod,Coiled-coil segment 1,1181-1188,8,partial,v7-phase3,DEJ/Recovery Cross-breed & Non-conserved,False,4,,0.434,0.674,0.958,,0.918,,1.0,
35,GHK,3,DEJ_V8,0.6259,A,C,DEMOTED,BLOCKED,Exact match: GHK-Cu (Copper Peptide) (Skin Biology / Pickart),REGISTERED,"DB 등재 서열: Tripeptide-1 (sources: agingbase, dbaasp)",patent_full_match,peptipedia_exact_match,N/A,N/A,N/A,0,none,v7-phase0,DEJ/Recovery Infrastructure & ML Training,False,0,,0.366,0.72,0.947,,1.0,,1.0,
36,RPYGSHREGHKEKK,14,DEJ_V8,0.6254,A,C,DEMOTED,CAUTION,부분 매칭만(8aa) — 전체 서열 novel,NOVEL_WITH_KNOWN_MOTIF,Novel 서열 — 알려진 motif(GHK) 포함하나 전체 서열은 미등재. 신규 INCI 등재 가능.,patent_partial_only,none,C-terminal PRD,inter-domain,1945-1952,8,partial,v7-phase3,DEJ/Recovery Cross-breed & Non-conserved,False,2,,0.399,0.8,0.959,,0.849,,1.0,
37,EGTRKREYKGHKDR,14,DEJ_V8,0.6254,A,C,DEMOTED,CAUTION,부분 매칭만(8aa) — 전체 서열 novel,NOVEL_WITH_KNOWN_MOTIF,"Novel 서열 — 알려진 motif(GHK, KGH) 포함하나 전체 서열은 미등재. 신규 INCI 등재 가능.",patent_partial_only,cosmetic_substr(KGH=KGH),Central rod,Coiled-coil segment 1,1181-1188,8,partial,v7-phase3,DEJ/Recovery Cross-breed & Non-conserved,False,4,,0.434,0.84,0.984,,0.615,,1.0,
38,KGHKHRDQKIVHKG,14,DEJ_V8,0.6245,A,C,DEMOTED,CAUTION,부분 매칭만(8aa) — 전체 서열 novel,NOVEL_WITH_KNOWN_MOTIF,"Novel 서열 — 알려진 motif(GHK, KGH) 포함하나 전체 서열은 미등재. 신규 INCI 등재 가능.",patent_partial_only,cosmetic_substr(KGH=KGH),N-terminal plakin,inter-domain,472-479,8,partial,v7-phase3,DEJ/Recovery Cross-breed & Non-conserved,False,1,,0.478,0.84,0.976,,0.664,,1.0,
39,GHKEKK,6,DEJ_V8,0.6234,A,C,DEMOTED,BLOCKED,전체 서열(6aa) 100% 특허 매칭,NOVEL_WITH_KNOWN_MOTIF,Novel 서열 — 알려진 motif(GHK) 포함하나 전체 서열은 미등재. 신규 INCI 등재 가능.,patent_full_match,none,C-terminal PRD,PRD-B,2447-2450,4,partial,v7-phase4,DEJ/Recovery Expert Feedback Integration,False,1,,0.338,0.8,0.915,,0.996,,1.0,
40,KGHKGRVQEAYKKG,14,DEJ_V8,0.6234,A,C,DEMOTED,CAUTION,부분 매칭만(9aa) — 전체 서열 novel,NOVEL_WITH_KNOWN_MOTIF,"Novel 서열 — 알려진 motif(GHK, KGH) 포함하나 전체 서열은 미등재. 신규 INCI 등재 가능.",patent_partial_only,cosmetic_substr(KGH=KGH),C-terminal PRD,PRD-C,2479-2486,8,partial,v7-phase3,DEJ/Recovery Cross-breed & Non-conserved,False,4,,0.478,0.603,0.985,,0.93,,1.0,
41,KGHKRREAKRKKLI,14,DEJ_V8,0.6231,A,C,DEMOTED,CAUTION,부분 매칭만(12aa) — 전체 서열 novel,NOVEL_WITH_KNOWN_MOTIF,"Novel 서열 — 알려진 motif(GHK, KGH) 포함하나 전체 서열은 미등재. 신규 INCI 등재 가능.",patent_partial_only,cosmetic_substr(KGH=KGH),C-terminal PRD,PRD-A,2033-2040,8,partial,v7-phase4,DEJ/Recovery Expert Feedback Integration,False,4,,0.49,0.603,0.985,,0.899,,1.0,
42,KGHKRRDQKIVHKG,14,DEJ_V8,0.6227,A,C,DEMOTED,CAUTION,부분 매칭만(8aa) — 전체 서열 novel,NOVEL_WITH_KNOWN_MOTIF,"Novel 서열 — 알려진 motif(GHK, KGH) 포함하나 전체 서열은 미등재. 신규 INCI 등재 가능.",patent_partial_only,cosmetic_substr(KGH=KGH),N-terminal plakin,inter-domain,472-479,8,partial,v7-phase3,DEJ/Recovery Cross-breed & Non-conserved,False,1,,0.49,0.674,0.99,,0.779,,1.0,
43,KGHKRREGTRKREY,14,DEJ_V8,0.6215,A,C,DEMOTED,CAUTION,부분 매칭만(21aa) — 전체 서열 novel,NOVEL_WITH_KNOWN_MOTIF,"Novel 서열 — 알려진 motif(GHK, KGH) 포함하나 전체 서열은 미등재. 신규 INCI 등재 가능.",patent_partial_only,cosmetic_substr(KGH=KGH),Central rod,Coiled-coil segment 1,1181-1188,8,partial,v7-phase4,DEJ/Recovery Expert Feedback Integration,False,4,,0.505,0.674,0.985,,0.651,,1.0,
44,KGHKIH,6,DEJ_V8,0.6215,A,C,DEMOTED,BLOCKED,전체 서열(6aa) 100% 특허 매칭,NOVEL_WITH_KNOWN_MOTIF,Novel 서열 — 알려진 motif(GHK) 포함하나 전체 서열은 미등재. 신규 INCI 등재 가능.,patent_full_match,none,C-terminal PRD,PRD-B,2361-2363,3,partial,v7-phase4,DEJ/Recovery Expert Feedback Integration,False,0,,0.383,0.8,0.841,,0.975,,1.0,
45,EGTRKREYGHKRGY,14,DEJ_V8,0.6203,A,C,DEMOTED,CAUTION,부분 매칭만(8aa) — 전체 서열 novel,NOVEL_WITH_KNOWN_MOTIF,Novel 서열 — 알려진 motif(GHK) 포함하나 전체 서열은 미등재. 신규 INCI 등재 가능.,patent_partial_only,none,Central rod,Coiled-coil segment 1,1181-1188,8,partial,v7-phase3,DEJ/Recovery Cross-breed & Non-conserved,False,4,,0.434,0.754,0.987,,0.696,,1.0,
46,KYKRGD,6,DEJ_V8,0.6201,A,C,DEMOTED,BLOCKED,전체 서열(6aa) 100% 특허 매칭,NOVEL_WITH_KNOWN_MOTIF,Novel 서열 — 알려진 motif(RGD) 포함하나 전체 서열은 미등재. 신규 INCI 등재 가능.,patent_full_match,none,C-terminal PRD,PRD-B,2316-2319,4,partial,v7-phase2,DEJ/Recovery Mutation & Optimization,False,4,,0.632,0.307,0.949,,0.993,,1.0,
47,VTKKKVSYKGHKHR,14,DEJ_V8,0.6199,A,C,DEMOTED,CAUTION,부분 매칭만(8aa) — 전체 서열 novel,NOVEL_WITH_KNOWN_MOTIF,"Novel 서열 — 알려진 motif(GHK, KGH) 포함하나 전체 서열은 미등재. 신규 INCI 등재 가능.",patent_partial_only,cosmetic_substr(KGH=KGH),C-terminal PRD,PRD-A,2176-2183,8,partial,v7-phase4,DEJ/Recovery Expert Feedback Integration,False,4,,0.435,0.703,0.919,,0.969,,1.0,
48,QRPYGSHRKRGHKG,14,DEJ_V8,0.6194,A,C,DEMOTED,CAUTION,부분 매칭만(8aa) — 전체 서열 novel,NOVEL_WITH_KNOWN_MOTIF,Novel 서열 — 알려진 motif(GHK) 포함하나 전체 서열은 미등재. 신규 INCI 등재 가능.,patent_partial_only,none,C-terminal PRD,inter-domain,1944-1951,8,partial,v7-phase3,DEJ/Recovery Cross-breed & Non-conserved,False,4,,0.47,0.563,0.974,,0.954,,1.0,
49,KGHKDRLRKKVTAM,14,DEJ_V8,0.6194,A,C,DEMOTED,CAUTION,부분 매칭만(9aa) — 전체 서열 novel,NOVEL_WITH_KNOWN_MOTIF,"Novel 서열 — 알려진 motif(GHK, KGH) 포함하나 전체 서열은 미등재. 신규 INCI 등재 가능.",patent_partial_only,cosmetic_substr(KGH=KGH),C-terminal PRD,PRD-A,1971-1978,8,partial,v7-phase3,DEJ/Recovery Cross-breed & Non-conserved,False,4,,0.525,0.703,0.976,,0.614,,1.0,
50,GHKRGY,6,DEJ_V8,0.6193,A,C,DEMOTED,CAUTION,부분 매칭만(6aa) — 전체 서열 novel,NOVEL_WITH_KNOWN_MOTIF,Novel 서열 — 알려진 motif(GHK) 포함하나 전체 서열은 미등재. 신규 INCI 등재 가능.,patent_partial_only,none,C-terminal PRD,PRD-B,2393-2396,4,partial,v7-phase2,DEJ/Recovery Mutation & Optimization,False,1,,0.383,0.587,0.972,,0.999,,1.0,
51,KGHKDR,6,DEJ_V8,0.6193,A,C,DEMOTED,BLOCKED,전체 서열(6aa) 100% 특허 매칭,NOVEL_WITH_KNOWN_MOTIF,Novel 서열 — 알려진 motif(GHK) 포함하나 전체 서열은 미등재. 신규 INCI 등재 가능.,patent_full_match,none,C-terminal PRD,PRD-B,2361-2363,3,partial,v7-phase4,DEJ/Recovery Expert Feedback Integration,False,0,,0.39,0.8,0.777,,0.995,,1.0,
52,GHKEKKQRPYGSHR,14,DEJ_V8,0.6191,A,C,DEMOTED,CAUTION,부분 매칭만(9aa) — 전체 서열 novel,NOVEL_WITH_KNOWN_MOTIF,Novel 서열 — 알려진 motif(GHK) 포함하나 전체 서열은 미등재. 신규 INCI 등재 가능.,patent_partial_only,none,C-terminal PRD,inter-domain,1944-1951,8,partial,v7-phase4,DEJ/Recovery Expert Feedback Integration,False,4,,0.458,0.774,0.919,,0.749,,1.0,
53,VTKKKVSYKGHKDR,14,DEJ_V8,0.6187,A,C,DEMOTED,CAUTION,부분 매칭만(8aa) — 전체 서열 novel,NOVEL_WITH_KNOWN_MOTIF,"Novel 서열 — 알려진 motif(GHK, KGH) 포함하나 전체 서열은 미등재. 신규 INCI 등재 가능.",patent_partial_only,cosmetic_substr(KGH=KGH),C-terminal PRD,PRD-A,2176-2183,8,partial,v7-phase3,DEJ/Recovery Cross-breed & Non-conserved,False,4,,0.435,0.703,0.974,,0.835,,1.0,
54,KGHKHRVEAKRKKL,14,DEJ_V8,0.6186,A,C,DEMOTED,CAUTION,부분 매칭만(13aa) — 전체 서열 novel,NOVEL_WITH_KNOWN_MOTIF,"Novel 서열 — 알려진 motif(GHK, KGH) 포함하나 전체 서열은 미등재. 신규 INCI 등재 가능.",patent_partial_only,cosmetic_substr(KGH=KGH),C-terminal PRD,PRD-A,2032-2039,8,partial,v7-phase4,DEJ/Recovery Expert Feedback Integration,False,4,,0.435,0.774,0.989,,0.727,,1.0,
55,WKTQYSRKKGHKDR,14,DEJ_V8,0.6185,A,C,DEMOTED,CAUTION,부분 매칭만(8aa) — 전체 서열 novel,NOVEL_WITH_KNOWN_MOTIF,"Novel 서열 — 알려진 motif(GHK, KGH) 포함하나 전체 서열은 미등재. 신규 INCI 등재 가능.",patent_partial_only,cosmetic_substr(KGH=KGH),C-terminal PRD,inter-domain,1867-1874,8,partial,v7-phase4,DEJ/Recovery Expert Feedback Integration,False,4,,0.47,0.703,0.975,,0.72,,1.0,
56,QRPYGSHRKGHKDR,14,DEJ_V8,0.6177,A,C,DEMOTED,CAUTION,부분 매칭만(8aa) — 전체 서열 novel,NOVEL_WITH_KNOWN_MOTIF,"Novel 서열 — 알려진 motif(GHK, KGH) 포함하나 전체 서열은 미등재. 신규 INCI 등재 가능.",patent_partial_only,cosmetic_substr(KGH=KGH),C-terminal PRD,inter-domain,1944-1951,8,partial,v7-phase4,DEJ/Recovery Expert Feedback Integration,False,4,,0.458,0.774,0.884,,0.792,,1.0,
57,KGHKRRRLRIDYER,14,DEJ_V8,0.6177,A,C,DEMOTED,CAUTION,부분 매칭만(19aa) — 전체 서열 novel,NOVEL_WITH_KNOWN_MOTIF,"Novel 서열 — 알려진 motif(GHK, KGH) 포함하나 전체 서열은 미등재. 신규 INCI 등재 가능.",patent_partial_only,cosmetic_substr(KGH=KGH),Central rod,Coiled-coil segment 2,1537-1544,8,partial,v7-phase3,DEJ/Recovery Cross-breed & Non-conserved,False,1,,0.47,0.774,0.991,,0.456,,1.0,
58,KGHKRRNGGSHPRI,14,DEJ_V8,0.6175,A,C,DEMOTED,CAUTION,부분 매칭만(8aa) — 전체 서열 novel,NOVEL_WITH_KNOWN_MOTIF,"Novel 서열 — 알려진 motif(GHK, KGH) 포함하나 전체 서열은 미등재. 신규 INCI 등재 가능.",patent_partial_only,cosmetic_substr(KGH=KGH),N-terminal plakin,inter-domain,4-11,8,partial,v7-phase3,DEJ/Recovery Cross-breed & Non-conserved,False,4,,0.505,0.563,0.988,,0.812,,1.0,
59,KGHKHRGSHPRINT,14,DEJ_V8,0.6175,A,C,DEMOTED,CAUTION,부분 매칭만(8aa) — 전체 서열 novel,NOVEL_WITH_KNOWN_MOTIF,"Novel 서열 — 알려진 motif(GHK, KGH) 포함하나 전체 서열은 미등재. 신규 INCI 등재 가능.",patent_partial_only,cosmetic_substr(KGH=KGH),N-terminal plakin,inter-domain,6-13,8,partial,v7-phase3,DEJ/Recovery Cross-breed & Non-conserved,False,2,,0.493,0.774,0.923,,0.676,,1.0,
60,KGHKHRNGGSHPRI,14,DEJ_V8,0.6173,A,C,DEMOTED,CAUTION,부분 매칭만(8aa) — 전체 서열 novel,NOVEL_WITH_KNOWN_MOTIF,"Novel 서열 — 알려진 motif(GHK, KGH) 포함하나 전체 서열은 미등재. 신규 INCI 등재 가능.",patent_partial_only,cosmetic_substr(KGH=KGH),N-terminal plakin,inter-domain,4-11,8,partial,v7-phase4,DEJ/Recovery Expert Feedback Integration,False,4,,0.493,0.774,0.964,,0.617,,1.0,
61,KGHKGR,6,DEJ_V8,0.6172,A,C,DEMOTED,BLOCKED,전체 서열(6aa) 100% 특허 매칭,NOVEL_WITH_KNOWN_MOTIF,Novel 서열 — 알려진 motif(GHK) 포함하나 전체 서열은 미등재. 신규 INCI 등재 가능.,patent_full_match,none,C-terminal PRD,PRD-B,2361-2363,3,partial,v7-phase4,DEJ/Recovery Expert Feedback Integration,False,0,,0.39,0.587,0.954,,1.0,,1.0,
62,KGHKRRDKLLKGKK,14,DEJ_V8,0.6171,A,C,DEMOTED,CAUTION,부분 매칭만(11aa) — 전체 서열 novel,NOVEL_WITH_KNOWN_MOTIF,"Novel 서열 — 알려진 motif(GHK, KGH, LLK) 포함하나 전체 서열은 미등재. 신규 INCI 등재 가능.",patent_partial_only,cosmetic_substr(KGH=KGH); cosmetic_substr(LLK=Rice protein hydrolysates),C-terminal PRD,PRD-A,1992-1999,8,partial,v7-phase4,DEJ/Recovery Expert Feedback Integration,False,4,,0.49,0.603,0.987,,0.832,,1.0,
63,KGHKHRLRKKVTAM,14,DEJ_V8,0.6168,A,C,DEMOTED,CAUTION,부분 매칭만(14aa) — 전체 서열 novel,NOVEL_WITH_KNOWN_MOTIF,"Novel 서열 — 알려진 motif(GHK, KGH) 포함하나 전체 서열은 미등재. 신규 INCI 등재 가능.",patent_partial_only,cosmetic_substr(KGH=KGH),C-terminal PRD,PRD-A,1971-1978,8,partial,v7-phase3,DEJ/Recovery Cross-breed & Non-conserved,False,4,,0.525,0.703,0.925,,0.718,,1.0,
64,KRGHKGRPYGSHRE,14,DEJ_V8,0.6168,A,C,DEMOTED,CAUTION,부분 매칭만(8aa) — 전체 서열 novel,NOVEL_WITH_KNOWN_MOTIF,Novel 서열 — 알려진 motif(GHK) 포함하나 전체 서열은 미등재. 신규 INCI 등재 가능.,patent_partial_only,none,C-terminal PRD,inter-domain,1945-1952,8,partial,v7-phase4,DEJ/Recovery Expert Feedback Integration,False,2,,0.458,0.774,0.881,,0.836,,1.0,
65,GHKGKH,6,DEJ_V8,0.6165,A,C,DEMOTED,BLOCKED,전체 서열(6aa) 100% 특허 매칭,NOVEL_WITH_KNOWN_MOTIF,Novel 서열 — 알려진 motif(GHK) 포함하나 전체 서열은 미등재. 신규 INCI 등재 가능.,patent_full_match,none,N-terminal plakin,inter-domain,477-479,3,partial,v8-phase3,BLOSUM62 Mutation,False,0,,0.338,0.72,0.94,,0.999,,1.0,
66,GHKGKHK,7,DEJ_V8,0.6164,A,C,DEMOTED,CAUTION,부분 매칭만(11aa) — 전체 서열 novel,NOVEL_WITH_KNOWN_MOTIF,Novel 서열 — 알려진 motif(GHK) 포함하나 전체 서열은 미등재. 신규 INCI 등재 가능.,patent_partial_only,none,N-terminal plakin,inter-domain,477-479,3,partial,v8-phase3,BLOSUM62 Mutation,False,0,,0.338,0.706,0.955,,0.999,,1.0,
67,KGHKRREKAIKEKE,14,DEJ_V8,0.6164,A,C,DEMOTED,CAUTION,부분 매칭만(10aa) — 전체 서열 novel,NOVEL_WITH_KNOWN_MOTIF,"Novel 서열 — 알려진 motif(GHK, KGH) 포함하나 전체 서열은 미등재. 신규 INCI 등재 가능.",patent_partial_only,cosmetic_substr(KGH=KGH),Central rod,Coiled-coil segment 1,1161-1168,8,partial,v7-phase3,DEJ/Recovery Cross-breed & Non-conserved,False,4,,0.478,0.84,0.981,,0.507,,1.0,
68,GVKGHKH,7,DEJ_V8,0.6162,A,C,DEMOTED,CAUTION,부분 매칭만(7aa) — 전체 서열 novel,NOVEL_WITH_KNOWN_MOTIF,"Novel 서열 — 알려진 motif(GHK, KGH) 포함하나 전체 서열은 미등재. 신규 INCI 등재 가능.",patent_partial_only,cosmetic_substr(KGH=KGH),C-terminal PRD,PRD-C,2700-2703,4,partial,v8-phase3,BLOSUM62 Mutation,False,1,,0.371,0.8,0.803,,0.993,,1.0,
69,KGHKRRQKIVHKGD,14,DEJ_V8,0.6162,A,C,DEMOTED,CAUTION,부분 매칭만(8aa) — 전체 서열 novel,NOVEL_WITH_KNOWN_MOTIF,"Novel 서열 — 알려진 motif(GHK, KGH) 포함하나 전체 서열은 미등재. 신규 INCI 등재 가능.",patent_partial_only,cosmetic_substr(KGH=KGH),N-terminal plakin,inter-domain,473-480,8,partial,v7-phase4,DEJ/Recovery Expert Feedback Integration,False,2,,0.49,0.714,0.966,,0.683,,1.0,
70,AETRVKQRKRGHKG,14,DEJ_V8,0.6158,A,C,DEMOTED,CAUTION,부분 매칭만(8aa) — 전체 서열 novel,NOVEL_WITH_KNOWN_MOTIF,Novel 서열 — 알려진 motif(GHK) 포함하나 전체 서열은 미등재. 신규 INCI 등재 가능.,patent_partial_only,none,C-terminal PRD,inter-domain,1845-1852,8,partial,v7-phase4,DEJ/Recovery Expert Feedback Integration,False,1,,0.47,0.563,0.982,,0.879,,1.0,
71,KGHKGRDKLLKGKK,14,DEJ_V8,0.6157,A,C,DEMOTED,CAUTION,부분 매칭만(8aa) — 전체 서열 novel,NOVEL_WITH_KNOWN_MOTIF,"Novel 서열 — 알려진 motif(GHK, KGH, LLK) 포함하나 전체 서열은 미등재. 신규 INCI 등재 가능.",patent_partial_only,cosmetic_substr(KGH=KGH); cosmetic_substr(LLK=Rice protein hydrolysates),C-terminal PRD,PRD-A,1992-1999,8,partial,v7-phase4,DEJ/Recovery Expert Feedback Integration,False,4,,0.49,0.603,0.975,,0.834,,1.0,
72,AKRKKLISKGHKDR,14,DEJ_V8,0.6157,A,C,DEMOTED,CAUTION,부분 매칭만(18aa) — 전체 서열 novel,NOVEL_WITH_KNOWN_MOTIF,"Novel 서열 — 알려진 motif(GHK, KGH) 포함하나 전체 서열은 미등재. 신규 INCI 등재 가능.",patent_partial_only,cosmetic_substr(KGH=KGH),C-terminal PRD,PRD-A,2034-2041,8,partial,v7-phase4,DEJ/Recovery Expert Feedback Integration,False,4,,0.49,0.703,0.982,,0.659,,1.0,
73,GHKEKKRPYGSHRE,14,DEJ_V8,0.6156,A,C,DEMOTED,CAUTION,부분 매칭만(10aa) — 전체 서열 novel,NOVEL_WITH_KNOWN_MOTIF,Novel 서열 — 알려진 motif(GHK) 포함하나 전체 서열은 미등재. 신규 INCI 등재 가능.,patent_partial_only,none,C-terminal PRD,inter-domain,1945-1952,8,partial,v7-phase3,DEJ/Recovery Cross-breed & Non-conserved,False,2,,0.399,0.8,0.961,,0.685,,1.0,
74,RPYGSHREGHKRGY,14,DEJ_V8,0.6155,A,C,DEMOTED,CAUTION,부분 매칭만(8aa) — 전체 서열 novel,NOVEL_WITH_KNOWN_MOTIF,Novel 서열 — 알려진 motif(GHK) 포함하나 전체 서열은 미등재. 신규 INCI 등재 가능.,patent_partial_only,none,C-terminal PRD,inter-domain,1945-1952,8,partial,v7-phase4,DEJ/Recovery Expert Feedback Integration,False,2,,0.399,0.774,0.833,,0.972,,1.0,
75,GHKRGYRNYRDNYQ,14,DEJ_V8,0.6153,A,C,DEMOTED,CAUTION,부분 매칭만(8aa) — 전체 서열 novel,NOVEL_WITH_KNOWN_MOTIF,"Novel 서열 — 알려진 motif(GHK, YR) 포함하나 전체 서열은 미등재. 신규 INCI 등재 가능.",patent_partial_only,none,N-terminal plakin,Spectrin repeat 2-4,889-896,8,partial,v7-phase4,DEJ/Recovery Expert Feedback Integration,False,1,,0.399,0.563,0.986,,0.958,,1.0,
76,KGHKRRSHRGIHNS,14,DEJ_V8,0.6153,A,C,DEMOTED,CAUTION,부분 매칭만(13aa) — 전체 서열 novel,NOVEL_WITH_KNOWN_MOTIF,"Novel 서열 — 알려진 motif(GHK, KGH) 포함하나 전체 서열은 미등재. 신규 INCI 등재 가능.",patent_partial_only,cosmetic_substr(KGH=KGH),N-terminal plakin,Spectrin repeat 1,220-227,8,partial,v7-phase4,DEJ/Recovery Expert Feedback Integration,False,1,,0.47,0.634,0.959,,0.773,,1.0,
77,KGHKRRPHRNEKLT,14,DEJ_V8,0.6153,A,C,DEMOTED,CAUTION,부분 매칭만(12aa) — 전체 서열 novel,NOVEL_WITH_KNOWN_MOTIF,"Novel 서열 — 알려진 motif(GHK, KGH) 포함하나 전체 서열은 미등재. 신규 INCI 등재 가능.",patent_partial_only,cosmetic_substr(KGH=KGH),C-terminal PRD,PRD-A,2061-2068,8,partial,v7-phase3,DEJ/Recovery Cross-breed & Non-conserved,False,4,,0.435,0.714,0.968,,0.727,,1.0,
78,KGHKDRDKLLKGKK,14,DEJ_V8,0.615,A,C,DEMOTED,CAUTION,부분 매칭만(14aa) — 전체 서열 novel,NOVEL_WITH_KNOWN_MOTIF,"Novel 서열 — 알려진 motif(GHK, KGH, LLK) 포함하나 전체 서열은 미등재. 신규 INCI 등재 가능.",patent_partial_only,cosmetic_substr(KGH=KGH); cosmetic_substr(LLK=Rice protein hydrolysates),C-terminal PRD,PRD-A,1992-1999,8,partial,v7-phase4,DEJ/Recovery Expert Feedback Integration,False,4,,0.49,0.814,0.954,,0.51,,1.0,
79,WKTQYSRKGHKRGY,14,DEJ_V8,0.615,A,C,DEMOTED,CAUTION,부분 매칭만(8aa) — 전체 서열 novel,NOVEL_WITH_KNOWN_MOTIF,"Novel 서열 — 알려진 motif(GHK, KGH) 포함하나 전체 서열은 미등재. 신규 INCI 등재 가능.",patent_partial_only,cosmetic_substr(KGH=KGH),C-terminal PRD,inter-domain,1867-1874,8,partial,v7-phase4,DEJ/Recovery Expert Feedback Integration,False,4,,0.47,0.491,0.967,,0.953,,1.0,
80,EAKRKKLIKGHKRR,14,DEJ_V8,0.6149,A,C,DEMOTED,CAUTION,부분 매칭만(14aa) — 전체 서열 novel,NOVEL_WITH_KNOWN_MOTIF,"Novel 서열 — 알려진 motif(GHK, KGH) 포함하나 전체 서열은 미등재. 신규 INCI 등재 가능.",patent_partial_only,cosmetic_substr(KGH=KGH),C-terminal PRD,PRD-A,2033-2040,8,partial,v7-phase4,DEJ/Recovery Expert Feedback Integration,False,4,,0.49,0.563,0.962,,0.888,,1.0,
81,KGHKRR,6,DEJ_V8,0.6147,A,C,DEMOTED,BLOCKED,전체 서열(6aa) 100% 특허 매칭,NOVEL_WITH_KNOWN_MOTIF,Novel 서열 — 알려진 motif(GHK) 포함하나 전체 서열은 미등재. 신규 INCI 등재 가능.,patent_full_match,none,C-terminal PRD,PRD-B,2361-2363,3,partial,v7-phase2,DEJ/Recovery Mutation & Optimization,False,0,,0.39,0.587,0.962,,1.0,,1.0,
82,WKTQYSRKKGHKRR,14,DEJ_V8,0.6144,A,C,DEMOTED,CAUTION,부분 매칭만(8aa) — 전체 서열 novel,NOVEL_WITH_KNOWN_MOTIF,"Novel 서열 — 알려진 motif(GHK, KGH) 포함하나 전체 서열은 미등재. 신규 INCI 등재 가능.",patent_partial_only,cosmetic_substr(KGH=KGH),C-terminal PRD,inter-domain,1867-1874,8,partial,v7-phase4,DEJ/Recovery Expert Feedback Integration,False,4,,0.47,0.491,0.977,,0.972,,1.0,
83,RPRKEKDQKIVHKG,14,DEJ_V8,0.6143,A,C,DEMOTED,CLEAR,알려진 IP 충돌 없음 — GHK-free novel 서열,PURE_NOVEL,완전 신규 — 알려진 motif 없음. INCI 신규 등재 가능.,,none,N-terminal plakin,inter-domain,472-479,8,partial,v7-phase3,DEJ/Recovery Cross-breed & Non-conserved,False,1,,0.513,0.594,0.988,,0.833,,1.0,
84,GHKSH,5,DEJ_V8,0.6142,A,C,DEMOTED,BLOCKED,전체 서열(5aa) 100% 특허 매칭,NOVEL_WITH_KNOWN_MOTIF,Novel 서열 — 알려진 motif(GHK) 포함하나 전체 서열은 미등재. 신규 INCI 등재 가능.,patent_full_match,none,N/A,N/A,N/A,0,none,v8-phase3,BLOSUM62 Mutation,False,0,,0.342,0.8,0.865,,0.997,,1.0,
85,GHKRGYQRPYGSHR,14,DEJ_V8,0.6142,A,C,DEMOTED,CAUTION,부분 매칭만(8aa) — 전체 서열 novel,NOVEL_WITH_KNOWN_MOTIF,Novel 서열 — 알려진 motif(GHK) 포함하나 전체 서열은 미등재. 신규 INCI 등재 가능.,patent_partial_only,none,C-terminal PRD,inter-domain,1944-1951,8,partial,v7-phase3,DEJ/Recovery Cross-breed & Non-conserved,False,4,,0.458,0.563,0.965,,0.965,,1.0,
86,GHKEKKEGTRKREY,14,DEJ_V8,0.6141,A,C,DEMOTED,CAUTION,부분 매칭만(10aa) — 전체 서열 novel,NOVEL_WITH_KNOWN_MOTIF,Novel 서열 — 알려진 motif(GHK) 포함하나 전체 서열은 미등재. 신규 INCI 등재 가능.,patent_partial_only,none,Central rod,Coiled-coil segment 1,1181-1188,8,partial,v7-phase3,DEJ/Recovery Cross-breed & Non-conserved,False,4,,0.434,0.84,0.978,,0.473,,1.0,
87,YKRGDH,6,DEJ_V8,0.614,A,C,DEMOTED,BLOCKED,전체 서열(6aa) 100% 특허 매칭,NOVEL_WITH_KNOWN_MOTIF,Novel 서열 — 알려진 motif(RGD) 포함하나 전체 서열은 미등재. 신규 INCI 등재 가능.,patent_full_match,none,C-terminal PRD,PRD-B,2316-2319,4,partial,v7-phase2,DEJ/Recovery Mutation & Optimization,False,4,,0.521,0.52,0.949,,0.996,,1.0,
88,KGHKI,5,DEJ_V8,0.614,A,C,DEMOTED,BLOCKED,전체 서열(5aa) 100% 특허 매칭,NOVEL_WITH_KNOWN_MOTIF,Novel 서열 — 알려진 motif(GHK) 포함하나 전체 서열은 미등재. 신규 INCI 등재 가능.,patent_full_match,none,C-terminal PRD,PRD-B,2361-2363,3,partial,v7-phase4,DEJ/Recovery Expert Feedback Integration,False,0,,0.383,0.62,0.919,,0.985,,1.0,
89,KGHKRRMQKKQHLE,14,DEJ_V8,0.6138,A,C,DEMOTED,CAUTION,부분 매칭만(12aa) — 전체 서열 novel,NOVEL_WITH_KNOWN_MOTIF,"Novel 서열 — 알려진 motif(GHK, KGH) 포함하나 전체 서열은 미등재. 신규 INCI 등재 가능.",patent_partial_only,cosmetic_substr(KGH=KGH),Central rod,Coiled-coil segment 1,1285-1292,8,partial,v7-phase4,DEJ/Recovery Expert Feedback Integration,False,2,,0.435,0.774,0.884,,0.839,,1.0,
90,WKTQYSRKKRGHKG,14,DEJ_V8,0.6136,A,C,DEMOTED,CAUTION,부분 매칭만(8aa) — 전체 서열 novel,NOVEL_WITH_KNOWN_MOTIF,Novel 서열 — 알려진 motif(GHK) 포함하나 전체 서열은 미등재. 신규 INCI 등재 가능.,patent_partial_only,none,C-terminal PRD,inter-domain,1867-1874,8,partial,v7-phase4,DEJ/Recovery Expert Feedback Integration,False,4,,0.47,0.491,0.986,,0.969,,1.0,
91,KGHKHRKDVALARG,14,DEJ_V8,0.6136,A,C,DEMOTED,CAUTION,부분 매칭만(9aa) — 전체 서열 novel,NOVEL_WITH_KNOWN_MOTIF,"Novel 서열 — 알려진 motif(GHK, KGH) 포함하나 전체 서열은 미등재. 신규 INCI 등재 가능.",patent_partial_only,cosmetic_substr(KGH=KGH),C-terminal PRD,PRD-A,2145-2152,8,partial,v7-phase4,DEJ/Recovery Expert Feedback Integration,False,3,,0.528,0.774,0.972,,0.458,,1.0,
92,KGHKDREAKRKKLI,14,DEJ_V8,0.6135,A,C,DEMOTED,CAUTION,부분 매칭만(21aa) — 전체 서열 novel,NOVEL_WITH_KNOWN_MOTIF,"Novel 서열 — 알려진 motif(GHK, KGH) 포함하나 전체 서열은 미등재. 신규 INCI 등재 가능.",patent_partial_only,cosmetic_substr(KGH=KGH),C-terminal PRD,PRD-A,2033-2040,8,partial,v7-phase4,DEJ/Recovery Expert Feedback Integration,False,4,,0.49,0.814,0.991,,0.425,,1.0,
93,KGHKIK,6,DEJ_V8,0.6134,A,C,DEMOTED,BLOCKED,전체 서열(6aa) 100% 특허 매칭,NOVEL_WITH_KNOWN_MOTIF,Novel 서열 — 알려진 motif(GHK) 포함하나 전체 서열은 미등재. 신규 INCI 등재 가능.,patent_full_match,none,C-terminal PRD,PRD-B,2361-2363,3,partial,v7-phase4,DEJ/Recovery Expert Feedback Integration,False,0,,0.383,0.587,0.931,,0.991,,1.0,
94,GHKHV,5,DEJ_V8,0.6133,A,C,DEMOTED,BLOCKED,전체 서열(5aa) 100% 특허 매칭,NOVEL_WITH_KNOWN_MOTIF,Novel 서열 — 알려진 motif(GHK) 포함하나 전체 서열은 미등재. 신규 INCI 등재 가능.,patent_full_match,none,N-terminal plakin,Spectrin repeat 1,185-187,3,partial,v8-phase3,BLOSUM62 Mutation,False,0,,0.299,0.8,0.914,,0.999,,1.0,
95,QRPYGSHRKGHKRR,14,DEJ_V8,0.613,A,C,DEMOTED,CAUTION,부분 매칭만(8aa) — 전체 서열 novel,NOVEL_WITH_KNOWN_MOTIF,"Novel 서열 — 알려진 motif(GHK, KGH) 포함하나 전체 서열은 미등재. 신규 INCI 등재 가능.",patent_partial_only,cosmetic_substr(KGH=KGH),C-terminal PRD,inter-domain,1944-1951,8,partial,v7-phase3,DEJ/Recovery Cross-breed & Non-conserved,False,4,,0.47,0.563,0.949,,0.918,,1.0,
96,KGHKHRRMIRAESG,14,DEJ_V8,0.6129,A,C,DEMOTED,CAUTION,부분 매칭만(8aa) — 전체 서열 novel,NOVEL_WITH_KNOWN_MOTIF,"Novel 서열 — 알려진 motif(GHK, KGH) 포함하나 전체 서열은 미등재. 신규 INCI 등재 가능.",patent_partial_only,cosmetic_substr(KGH=KGH),N-terminal plakin,inter-domain,16-23,8,partial,v7-phase4,DEJ/Recovery Expert Feedback Integration,False,2,,0.513,0.774,0.949,,0.478,,1.0,
97,DQKIVHKGKGHKRR,14,DEJ_V8,0.6128,A,C,DEMOTED,CAUTION,부분 매칭만(17aa) — 전체 서열 novel,NOVEL_WITH_KNOWN_MOTIF,"Novel 서열 — 알려진 motif(GHK, KGH) 포함하나 전체 서열은 미등재. 신규 INCI 등재 가능.",patent_partial_only,cosmetic_substr(KGH=KGH),N-terminal plakin,inter-domain,472-479,8,partial,v7-phase4,DEJ/Recovery Expert Feedback Integration,False,0,,0.49,0.634,0.975,,0.684,,1.0,
98,RRPRTALEKAIKEKE,15,DEJ_V8,0.6122,A,C,DEMOTED,CLEAR,알려진 IP 충돌 없음 — GHK-free novel 서열,PURE_NOVEL,완전 신규 — 알려진 motif 없음. INCI 신규 등재 가능.,,none,Central rod,Coiled-coil segment 1,1161-1168,8,partial,v7-phase4,DEJ/Recovery Expert Feedback Integration,False,0,,0.442,0.56,0.952,,1.0,,1.0,
99,TKKKVSYVKGHKRR,14,DEJ_V8,0.6122,A,C,DEMOTED,CAUTION,부분 매칭만(8aa) — 전체 서열 novel,NOVEL_WITH_KNOWN_MOTIF,"Novel 서열 — 알려진 motif(GHK, KGH) 포함하나 전체 서열은 미등재. 신규 INCI 등재 가능.",patent_partial_only,cosmetic_substr(KGH=KGH),C-terminal PRD,PRD-A,2177-2184,8,partial,v7-phase3,DEJ/Recovery Cross-breed & Non-conserved,False,0,,0.49,0.491,0.954,,0.933,,1.0,
100,TKKKVSYVKGHKGR,14,DEJ_V8,0.6122,A,C,DEMOTED,CAUTION,부분 매칭만(8aa) — 전체 서열 novel,NOVEL_WITH_KNOWN_MOTIF,"Novel 서열 — 알려진 motif(GHK, KGH) 포함하나 전체 서열은 미등재. 신규 INCI 등재 가능.",patent_partial_only,cosmetic_substr(KGH=KGH),C-terminal PRD,PRD-A,2177-2184,8,partial,v7-phase4,DEJ/Recovery Expert Feedback Integration,False,0,,0.49,0.491,0.98,,0.932,,1.0,
